-- Poissons
INSERT INTO poissons(code, espece, nom_scientifique, type, date_debut_vente, date_fin_vente) VALUES(1, 'Anchois', 'Engraulis encrasicolus', 1, '2017-04-01', '2017-09-30');
INSERT INTO poissons(code, espece, nom_scientifique, type, date_debut_vente, date_fin_vente) VALUES(2, 'Barbue', 'Scophthalmus rhombus', 1, '2017-06-01', '2018-01-31');
INSERT INTO poissons(code, espece, nom_scientifique, type, date_debut_vente, date_fin_vente) VALUES(3, 'Baudroie (Lotte)', 'Lophius pistacorius', 1, '2017-03-01', '2017-11-30');
INSERT INTO poissons(code, espece, nom_scientifique, type, date_debut_vente, date_fin_vente) VALUES(4, 'Bonite', 'Sarda sarda', 1, '2017-07-01', '2017-10-31');
INSERT INTO poissons(code, espece, nom_scientifique, type, date_debut_vente, date_fin_vente) VALUES(5, 'Cabillaud', 'Gadus morhua', 1, '2017-04-01', '2017-12-31');
INSERT INTO poissons(code, espece, nom_scientifique, type, date_debut_vente, date_fin_vente) VALUES(6, 'Cardine', 'Lepidorhombus whiffiagonis', 1, '2017-05-01', '2018-01-31');
INSERT INTO poissons(code, espece, nom_scientifique, type, date_debut_vente, date_fin_vente) VALUES(7, 'Chinchard', 'Trachurus trachurus', 1, '2017-04-01', '2017-06-30');
INSERT INTO poissons(code, espece, nom_scientifique, type, date_debut_vente, date_fin_vente) VALUES(8, 'Colin Alaska', 'Theragra chalcogramma', 1, '2017-10-01', '2018-04-30');
INSERT INTO poissons(code, espece, nom_scientifique, type, date_debut_vente, date_fin_vente) VALUES(9, 'Congre', 'Conger conger', 1, '2017-10-01', '2018-04-30');
INSERT INTO poissons(code, espece, nom_scientifique, type, date_debut_vente, date_fin_vente) VALUES(10, 'Dorade', 'Spondyliosoma cantharus', 1, '2017-10-01', '2017-12-31');
INSERT INTO poissons(code, espece, nom_scientifique, type, date_debut_vente, date_fin_vente) VALUES(11, 'Eglefin', 'Mélanogrammus aeglefinus', 1, '2017-09-01', '2018-04-30');
INSERT INTO poissons(code, espece, nom_scientifique, type, date_debut_vente, date_fin_vente) VALUES(12, 'Grondin', 'Trigla lucerna', 1, '2017-04-01', '2017-12-31');
INSERT INTO poissons(code, espece, nom_scientifique, type, date_debut_vente, date_fin_vente) VALUES(13, 'Hareng', 'clupea harengus', 1, '2017-10-01', '2018-04-30');
INSERT INTO poissons(code, espece, nom_scientifique, type, date_debut_vente, date_fin_vente) VALUES(14, 'Lieu Jaune', 'Pollachius pollachius', 1, '2017-06-01', '2018-04-30');
INSERT INTO poissons(code, espece, nom_scientifique, type, date_debut_vente, date_fin_vente) VALUES(15, 'Lieu Noir', 'Pollachius virens', 1, '2017-02-01', '2017-05-31');
INSERT INTO poissons(code, espece, nom_scientifique, type, date_debut_vente, date_fin_vente) VALUES(16, 'Limande', 'Limanda limanda', 1, '2017-02-01', '2017-09-30');
INSERT INTO poissons(code, espece, nom_scientifique, type, date_debut_vente, date_fin_vente) VALUES(17, 'Lingue franche (Julienne)', 'Molva molva', 1, '2017-03-01', '2017-06-30');
INSERT INTO poissons(code, espece, nom_scientifique, type, date_debut_vente, date_fin_vente) VALUES(18, 'Maquereau', 'Scomber scombrus', 1, '2017-03-01', '2017-09-30');
INSERT INTO poissons(code, espece, nom_scientifique, type, date_debut_vente, date_fin_vente) VALUES(19, 'Merlan', 'Merlangus merlangus', 1, '2017-10-01', '2018-06-30');
INSERT INTO poissons(code, espece, nom_scientifique, type, date_debut_vente, date_fin_vente) VALUES(20, 'Merlu', 'Merlucius merlucius', 1, '2017-03-01', '2017-07-31');
INSERT INTO poissons(code, espece, nom_scientifique, type, date_debut_vente, date_fin_vente) VALUES(21, 'Mulet', 'Mugil, Liza', 1, '2017-01-01', '2017-10-30');
INSERT INTO poissons(code, espece, nom_scientifique, type, date_debut_vente, date_fin_vente) VALUES(22, 'Plie (Carrelet)', 'Pleuronectes platessa', 1, '2017-01-01', '2017-05-31');
INSERT INTO poissons(code, espece, nom_scientifique, type, date_debut_vente, date_fin_vente) VALUES(23, 'Plie Cynoglosse', 'Glyptocephalus cynoglossus', 1, '2017-05-01', '2018-02-28');
INSERT INTO poissons(code, espece, nom_scientifique, type, date_debut_vente, date_fin_vente) VALUES(24, 'Raie bouclée', 'Raja clavata', 1, '2017-09-01', '2018-05-31');
INSERT INTO poissons(code, espece, nom_scientifique, type, date_debut_vente, date_fin_vente) VALUES(25, 'Rouget Barbet', 'Mullus surmuletus', 1, '2017-09-01', '2018-04-30');
INSERT INTO poissons(code, espece, nom_scientifique, type, date_debut_vente, date_fin_vente) VALUES(26, 'Roussette', 'Scyliorhinus', 1, '2017-09-01', '2017-11-31');
INSERT INTO poissons(code, espece, nom_scientifique, type, date_debut_vente, date_fin_vente) VALUES(27, 'Saint Pierre', 'Zeus faber', 1, '2017-05-01', '2017-12-31');
INSERT INTO poissons(code, espece, nom_scientifique, type, date_debut_vente, date_fin_vente) VALUES(28, 'Sardine', 'Sardina pilchardus', 1, '2017-05-01', '2017-10-31');
INSERT INTO poissons(code, espece, nom_scientifique, type, date_debut_vente, date_fin_vente) VALUES(29, 'Sole', 'Solea vulgaris', 1, '2017-06-01', '2017-11-30');
INSERT INTO poissons(code, espece, nom_scientifique, type, date_debut_vente, date_fin_vente) VALUES(30, 'Tacaud', 'Trisopterus luscus', 1, '2017-01-01', '2017-10-31');
INSERT INTO poissons(code, espece, nom_scientifique, type, date_debut_vente, date_fin_vente) VALUES(31, 'Thon Albacorre', 'Thunnus albacares', 1, '2017-02-01', '2017-09-30');
INSERT INTO poissons(code, espece, nom_scientifique, type, date_debut_vente, date_fin_vente) VALUES(32, 'Thon germont', 'Thunnus alalunga', 1, '2017-10-01', '2018-03-31');
INSERT INTO poissons(code, espece, nom_scientifique, type, date_debut_vente, date_fin_vente) VALUES(33, 'Thon lstao', 'Katsuwonus pelamis', 1, '2017-10-01', '2018-03-31');

-- Crustacés, mollusques cephalopodes
INSERT INTO poissons(code, espece, nom_scientifique, type, date_debut_vente, date_fin_vente) VALUES(34, 'Araignée', 'Maia squinado', 2, '2017-11-01', '2018-06-30');
INSERT INTO poissons(code, espece, nom_scientifique, type, date_debut_vente, date_fin_vente) VALUES(35, 'Coque', 'Cerastoderma edule', 2, '2017-05-01', '2017-08-31');
INSERT INTO poissons(code, espece, nom_scientifique, type, date_debut_vente, date_fin_vente) VALUES(36, 'Coquille Saint Jacques', 'Pecten maximus', 2, '2017-10-01', '2018-05-31');
INSERT INTO poissons(code, espece, nom_scientifique, type, date_debut_vente, date_fin_vente) VALUES(37, 'Crabe Royal', 'Paralithodes camtschaticus', 2, '2017-01-01', '2017-12-31');
INSERT INTO poissons(code, espece, nom_scientifique, type, date_debut_vente, date_fin_vente) VALUES(38, 'Crevette rose', 'Pandalus borealis', 2, '2017-05-01', '2017-08-31');
INSERT INTO poissons(code, espece, nom_scientifique, type, date_debut_vente, date_fin_vente) VALUES(39, 'Crevette grise', 'Palaemon seratus', 2, '2017-05-01', '2017-08-31');
INSERT INTO poissons(code, espece, nom_scientifique, type, date_debut_vente, date_fin_vente) VALUES(40, 'Encornet (calamar)', 'Loligo Vulgaris', 2, '2017-09-01', '2018-01-31');
INSERT INTO poissons(code, espece, nom_scientifique, type, date_debut_vente, date_fin_vente) VALUES(41, 'Homard', 'Homarus gammarus', 2, '2017-05-01', '2017-08-31');
INSERT INTO poissons(code, espece, nom_scientifique, type, date_debut_vente, date_fin_vente) VALUES(42, 'Huitre (diploïde)', 'Crassostrea gigas, Ostrea edulis', 2, '2017-01-01', '2017-12-31');
INSERT INTO poissons(code, espece, nom_scientifique, type, date_debut_vente, date_fin_vente) VALUES(43, 'Langoustine', 'Nephrops norvegicus', 2, '2017-04-01', '2017-08-31');
INSERT INTO poissons(code, espece, nom_scientifique, type, date_debut_vente, date_fin_vente) VALUES(44, 'Moule', 'Mytilius edulis', 2, '2017-01-01', '2017-12-31');
INSERT INTO poissons(code, espece, nom_scientifique, type, date_debut_vente, date_fin_vente) VALUES(45, 'Petoncle', 'Chlamys varia', 2, '2017-11-01', '2018-01-31');
INSERT INTO poissons(code, espece, nom_scientifique, type, date_debut_vente, date_fin_vente) VALUES(46, 'Sébaste', 'Sebastes', 2, '2017-08-01', '2017-08-31');
INSERT INTO poissons(code, espece, nom_scientifique, type, date_debut_vente, date_fin_vente) VALUES(47, 'Seiche', 'Sepia Officinalis', 2, '2017-12-01', '2018-05-31');
INSERT INTO poissons(code, espece, nom_scientifique, type, date_debut_vente, date_fin_vente) VALUES(48, 'Tourteau', 'Cancer pagurus', 2, '2017-06-01', '2017-10-31');



INSERT INTO zones_de_peche(code, libelle) VALUES('61', 'Pacifique Nord-Ouest');
INSERT INTO zones_de_peche(code, libelle) VALUES('67', 'Pacifique Nord-Est');
INSERT INTO zones_de_peche(code, libelle) VALUES('71', 'Pacifique Centre-Ouest');
INSERT INTO zones_de_peche(code, libelle) VALUES('77', 'Pacifique Centre-Est');
INSERT INTO zones_de_peche(code, libelle) VALUES('81', 'Pacifique Sud-Ouest');
INSERT INTO zones_de_peche(code, libelle) VALUES('87', 'Pacifique Sud-Est');
INSERT INTO zones_de_peche(code, libelle) VALUES('88', 'Pacifique - Antarctique');
INSERT INTO zones_de_peche(code, libelle) VALUES('18', 'Mer Arctique');
INSERT INTO zones_de_peche(code, libelle) VALUES('21', 'Atlantique Nord-Ouest');
INSERT INTO zones_de_peche(code, libelle) VALUES('27', 'Atlantique Nord-Est');
INSERT INTO zones_de_peche(code, libelle) VALUES('31', 'Atlantique Centre-Ouest');
INSERT INTO zones_de_peche(code, libelle) VALUES('34', 'Atlantique Centre-Ouest');
INSERT INTO zones_de_peche(code, libelle) VALUES('37', 'Méditerranée et Mer Noire');
INSERT INTO zones_de_peche(code, libelle) VALUES('41', 'Atlantique Sud-Ouest');
INSERT INTO zones_de_peche(code, libelle) VALUES('47', 'Atlantique Sud-Est');
INSERT INTO zones_de_peche(code, libelle) VALUES('48', 'Atlantique - Antarctique');
INSERT INTO zones_de_peche(code, libelle) VALUES('51', 'Océan Indien Ouest');
INSERT INTO zones_de_peche(code, libelle) VALUES('57', 'Océan Indien Est');
INSERT INTO zones_de_peche(code, libelle) VALUES('58', 'Océan Indien - Antarctique et Sud');


-- sous zones de peche de la zone 27

INSERT INTO zones_de_peche(code, libelle, code_zone_parent) VALUES('I','Mer de Barents', 27);

INSERT INTO zones_de_peche(code, libelle, code_zone_parent) VALUES('II','Mer de Norvège, Spitzberg et île aux Ours', 27);
INSERT INTO zones_de_peche(code, libelle, code_zone_parent) VALUES('IIa','Mer de Norvège', 27);
INSERT INTO zones_de_peche(code, libelle, code_zone_parent) VALUES('IIb','Spitzberg et île aux Ours', 27);

INSERT INTO zones_de_peche(code, libelle, code_zone_parent) VALUES('III','Skagerrak, Kattegat, Sound, Belt et mer Baltique; le Sound et les Belt
ensemble sont également connus sous le nom de zone de transition', 27);
INSERT INTO zones_de_peche(code, libelle, code_zone_parent) VALUES('IIIa','Skagerrak et Kattegat', 27);
INSERT INTO zones_de_peche(code, libelle, code_zone_parent) VALUES('IIIb,c','Sound et Belt ou zone de transition ', 27);
INSERT INTO zones_de_peche(code, libelle, code_zone_parent) VALUES('IIIb','Sound', 27);
INSERT INTO zones_de_peche(code, libelle, code_zone_parent) VALUES('IIIc','Belt', 27);
INSERT INTO zones_de_peche(code, libelle, code_zone_parent) VALUES('IIId','Mer Baltique', 27);

INSERT INTO zones_de_peche(code, libelle, code_zone_parent) VALUES('IV','Mer du Nord', 27);
INSERT INTO zones_de_peche(code, libelle, code_zone_parent) VALUES('IVa','Mer du Nord septentrionale', 27);
INSERT INTO zones_de_peche(code, libelle, code_zone_parent) VALUES('IVb','Mer du Nord centrale', 27);
INSERT INTO zones_de_peche(code, libelle, code_zone_parent) VALUES('IVc','Mer du Nord méridionale', 27);

INSERT INTO zones_de_peche(code, libelle, code_zone_parent) VALUES('V','Eaux islandaises et féringiennes', 27);
INSERT INTO zones_de_peche(code, libelle, code_zone_parent) VALUES('Va','Eaux islandaises', 27);
INSERT INTO zones_de_peche(code, libelle, code_zone_parent) VALUES('Vb','Eaux féringiennes', 27);

INSERT INTO zones_de_peche(code, libelle, code_zone_parent) VALUES('VI','Rockall, côte nord-ouest de l''Écosse et nord de l''Irlande; la côte nord-ouest
de l''Écosse et le nord de l''Irlande sont aussi appelés Ouest Ecosse', 27);
INSERT INTO zones_de_peche(code, libelle, code_zone_parent) VALUES('VIa','Côte nord-ouest de l''Écosse et Irlande du Nord ou Ouest Ecosse ', 27);
INSERT INTO zones_de_peche(code, libelle, code_zone_parent) VALUES('VIb','Rockall', 27);

INSERT INTO zones_de_peche(code, libelle, code_zone_parent) VALUES('VII','Mer d''Irlande, ouest de l''Irlande, Porcupine Bank, Manche orientale et
occidentale, canal de Bristol, mer Celtique septentrionale et méridionale,
et sud-ouest de l''Irlande - est et ouest', 27);
INSERT INTO zones_de_peche(code, libelle, code_zone_parent) VALUES('VIIa','Mer d''Irlande', 27);
INSERT INTO zones_de_peche(code, libelle, code_zone_parent) VALUES('VIIb','Ouest Irlande', 27);
INSERT INTO zones_de_peche(code, libelle, code_zone_parent) VALUES('VIIc','Porcupine Bank', 27);
INSERT INTO zones_de_peche(code, libelle, code_zone_parent) VALUES('VIId','Manche Est', 27);
INSERT INTO zones_de_peche(code, libelle, code_zone_parent) VALUES('VIIe','Manche Ouest', 27);
INSERT INTO zones_de_peche(code, libelle, code_zone_parent) VALUES('VIIf','Canal de Bristol', 27);
INSERT INTO zones_de_peche(code, libelle, code_zone_parent) VALUES('VIIg','Mer Celtique septentrionale', 27);
INSERT INTO zones_de_peche(code, libelle, code_zone_parent) VALUES('VIIh','Mer Celtique méridionale', 27);
INSERT INTO zones_de_peche(code, libelle, code_zone_parent) VALUES('VIIj','Sud-ouest de l''Irlande - est', 27);
INSERT INTO zones_de_peche(code, libelle, code_zone_parent) VALUES('VIIk','Sud-ouest de l''Irlande - ouest', 27);

INSERT INTO zones_de_peche(code, libelle, code_zone_parent) VALUES('VIII','Golfe de Gascogne', 27);
INSERT INTO zones_de_peche(code, libelle, code_zone_parent) VALUES('VIIIa','Golfe de Gascogne - nord', 27);
INSERT INTO zones_de_peche(code, libelle, code_zone_parent) VALUES('VIIIb','Golfe de Gascogne - central', 27);
INSERT INTO zones_de_peche(code, libelle, code_zone_parent) VALUES('VIIIc','Golfe de Gascogne - sud', 27);
INSERT INTO zones_de_peche(code, libelle, code_zone_parent) VALUES('VIIId','Golfe de Gascogne - large', 27);
INSERT INTO zones_de_peche(code, libelle, code_zone_parent) VALUES('VIIIe','Ouest du golfe de Gascogne', 27);

INSERT INTO zones_de_peche(code, libelle, code_zone_parent) VALUES('IX','Eaux portugaises', 27);
INSERT INTO zones_de_peche(code, libelle, code_zone_parent) VALUES('IXa','Eaux portugaises - est', 27);
INSERT INTO zones_de_peche(code, libelle, code_zone_parent) VALUES('IXb','Eaux portugaises - ouest', 27);

INSERT INTO zones_de_peche(code, libelle, code_zone_parent) VALUES('X','Banc des Açores', 27);

INSERT INTO zones_de_peche(code, libelle, code_zone_parent) VALUES('XII','Nord des Açores', 27);

INSERT INTO zones_de_peche(code, libelle, code_zone_parent) VALUES('XIV','Est du Groenland', 27);
INSERT INTO zones_de_peche(code, libelle, code_zone_parent) VALUES('XIVa','Nord-est du Groenland', 27);
INSERT INTO zones_de_peche(code, libelle, code_zone_parent) VALUES('XIVb','Sud-est du Groenland', 27);



INSERT INTO poissons_zones_de_peche(code_poisson, code_zone_peche) VALUES(1, 'VII');
INSERT INTO poissons_zones_de_peche(code_poisson, code_zone_peche) VALUES(1, 'VIII');
INSERT INTO poissons_zones_de_peche(code_poisson, code_zone_peche) VALUES(1, 'IXa');
INSERT INTO poissons_zones_de_peche(code_poisson, code_zone_peche) VALUES(1, 'VIIh');
INSERT INTO poissons_zones_de_peche(code_poisson, code_zone_peche) VALUES(1, '37');

INSERT INTO poissons_zones_de_peche(code_poisson, code_zone_peche) VALUES(2, 'VII');
INSERT INTO poissons_zones_de_peche(code_poisson, code_zone_peche) VALUES(2, 'VIII');
INSERT INTO poissons_zones_de_peche(code_poisson, code_zone_peche) VALUES(2, 'IXa');
INSERT INTO poissons_zones_de_peche(code_poisson, code_zone_peche) VALUES(2, 'VIIh');

INSERT INTO poissons_zones_de_peche(code_poisson, code_zone_peche) VALUES(3, 'VIIb');
INSERT INTO poissons_zones_de_peche(code_poisson, code_zone_peche) VALUES(3, 'VIIk');
INSERT INTO poissons_zones_de_peche(code_poisson, code_zone_peche) VALUES(3, 'VIIIa');
INSERT INTO poissons_zones_de_peche(code_poisson, code_zone_peche) VALUES(3, 'VIIIb');
INSERT INTO poissons_zones_de_peche(code_poisson, code_zone_peche) VALUES(3, 'VIIIc');
INSERT INTO poissons_zones_de_peche(code_poisson, code_zone_peche) VALUES(3, 'VIIId');
INSERT INTO poissons_zones_de_peche(code_poisson, code_zone_peche) VALUES(3, 'IXa');

INSERT INTO poissons_zones_de_peche(code_poisson, code_zone_peche) VALUES(4, 'VIII');

INSERT INTO poissons_zones_de_peche(code_poisson, code_zone_peche, commentaire) VALUES(5, 'I', 'Northeast Artic pour le surgelé');
INSERT INTO poissons_zones_de_peche(code_poisson, code_zone_peche, commentaire) VALUES(5, 'II', 'Northeast Artic pour le surgelé');
INSERT INTO poissons_zones_de_peche(code_poisson, code_zone_peche) VALUES(5, 'Va');
INSERT INTO poissons_zones_de_peche(code_poisson, code_zone_peche) VALUES(5, 'VIIe'); -- TODO VIIe a-k ???

INSERT INTO poissons_zones_de_peche(code_poisson, code_zone_peche) VALUES(6, 'VIIh');

INSERT INTO poissons_zones_de_peche(code_poisson, code_zone_peche) VALUES(7, 'VIII');
INSERT INTO poissons_zones_de_peche(code_poisson, code_zone_peche) VALUES(7, 'IXa');

INSERT INTO poissons_zones_de_peche(code_poisson, code_zone_peche, commentaire) VALUES(8, '67', 'Mer de Béring, Etats- Unis');

INSERT INTO poissons_zones_de_peche(code_poisson, code_zone_peche) VALUES(9, 'VIIa');
INSERT INTO poissons_zones_de_peche(code_poisson, code_zone_peche) VALUES(9, 'VIIe');
INSERT INTO poissons_zones_de_peche(code_poisson, code_zone_peche) VALUES(9, 'VIIh');

INSERT INTO poissons_zones_de_peche(code_poisson, code_zone_peche) VALUES(10, 'VIIa');
INSERT INTO poissons_zones_de_peche(code_poisson, code_zone_peche) VALUES(10, 'VIIe');
INSERT INTO poissons_zones_de_peche(code_poisson, code_zone_peche) VALUES(10, 'VIIh');

INSERT INTO poissons_zones_de_peche(code_poisson, code_zone_peche) VALUES(11, 'I');
INSERT INTO poissons_zones_de_peche(code_poisson, code_zone_peche) VALUES(11, 'II');
INSERT INTO poissons_zones_de_peche(code_poisson, code_zone_peche) VALUES(11, 'IIIa');
INSERT INTO poissons_zones_de_peche(code_poisson, code_zone_peche) VALUES(11, 'IV');
INSERT INTO poissons_zones_de_peche(code_poisson, code_zone_peche) VALUES(11, 'VIa');

INSERT INTO poissons_zones_de_peche(code_poisson, code_zone_peche) VALUES(12, 'VII');

INSERT INTO poissons_zones_de_peche(code_poisson, code_zone_peche) VALUES(13, 'IV');
INSERT INTO poissons_zones_de_peche(code_poisson, code_zone_peche) VALUES(13, 'VII');

INSERT INTO poissons_zones_de_peche(code_poisson, code_zone_peche) VALUES(14, 'VI');
INSERT INTO poissons_zones_de_peche(code_poisson, code_zone_peche) VALUES(14, 'VII');

INSERT INTO poissons_zones_de_peche(code_poisson, code_zone_peche) VALUES(15, 'IIIa');
INSERT INTO poissons_zones_de_peche(code_poisson, code_zone_peche) VALUES(15, 'IV');
INSERT INTO poissons_zones_de_peche(code_poisson, code_zone_peche) VALUES(15, 'Va');
INSERT INTO poissons_zones_de_peche(code_poisson, code_zone_peche) VALUES(15, 'VI');

INSERT INTO poissons_zones_de_peche(code_poisson, code_zone_peche) VALUES(16, 'IV');
INSERT INTO poissons_zones_de_peche(code_poisson, code_zone_peche) VALUES(16, 'VII');

INSERT INTO poissons_zones_de_peche(code_poisson, code_zone_peche) VALUES(17, 'I');
INSERT INTO poissons_zones_de_peche(code_poisson, code_zone_peche) VALUES(17, 'II');
INSERT INTO poissons_zones_de_peche(code_poisson, code_zone_peche) VALUES(17, 'Va');
INSERT INTO poissons_zones_de_peche(code_poisson, code_zone_peche) VALUES(17, 'VII');

INSERT INTO poissons_zones_de_peche(code_poisson, code_zone_peche) VALUES(18, 'VIa');
INSERT INTO poissons_zones_de_peche(code_poisson, code_zone_peche) VALUES(18, 'VIIh');
INSERT INTO poissons_zones_de_peche(code_poisson, code_zone_peche) VALUES(18, 'VIIIa');

INSERT INTO poissons_zones_de_peche(code_poisson, code_zone_peche) VALUES(19, 'VIIb');
INSERT INTO poissons_zones_de_peche(code_poisson, code_zone_peche) VALUES(19, 'VIIc');
INSERT INTO poissons_zones_de_peche(code_poisson, code_zone_peche) VALUES(19, 'VIIe');
INSERT INTO poissons_zones_de_peche(code_poisson, code_zone_peche) VALUES(19, 'VIIf');
INSERT INTO poissons_zones_de_peche(code_poisson, code_zone_peche) VALUES(19, 'VIIg');
INSERT INTO poissons_zones_de_peche(code_poisson, code_zone_peche) VALUES(19, 'VIIh');
INSERT INTO poissons_zones_de_peche(code_poisson, code_zone_peche) VALUES(19, 'VIIj');
INSERT INTO poissons_zones_de_peche(code_poisson, code_zone_peche) VALUES(19, 'VIIk');

INSERT INTO poissons_zones_de_peche(code_poisson, code_zone_peche) VALUES(20, 'VIIh');
INSERT INTO poissons_zones_de_peche(code_poisson, code_zone_peche) VALUES(20, 'VIIIa');

INSERT INTO poissons_zones_de_peche(code_poisson, code_zone_peche) VALUES(21, 'VII');
INSERT INTO poissons_zones_de_peche(code_poisson, code_zone_peche) VALUES(21, 'VIII');

INSERT INTO poissons_zones_de_peche(code_poisson, code_zone_peche) VALUES(22, 'IV');
INSERT INTO poissons_zones_de_peche(code_poisson, code_zone_peche) VALUES(22, 'VIIa');
INSERT INTO poissons_zones_de_peche(code_poisson, code_zone_peche) VALUES(22, 'VIId');
INSERT INTO poissons_zones_de_peche(code_poisson, code_zone_peche) VALUES(22, 'VIIe');

INSERT INTO poissons_zones_de_peche(code_poisson, code_zone_peche) VALUES(23, 'VIIh');

INSERT INTO poissons_zones_de_peche(code_poisson, code_zone_peche) VALUES(24, 'VII');

INSERT INTO poissons_zones_de_peche(code_poisson, code_zone_peche) VALUES(25, 'VII');
INSERT INTO poissons_zones_de_peche(code_poisson, code_zone_peche) VALUES(25, 'VIII');

INSERT INTO poissons_zones_de_peche(code_poisson, code_zone_peche) VALUES(26, 'VIIh');
INSERT INTO poissons_zones_de_peche(code_poisson, code_zone_peche) VALUES(26, 'VIIIa');

INSERT INTO poissons_zones_de_peche(code_poisson, code_zone_peche) VALUES(27, 'VIIh');

INSERT INTO poissons_zones_de_peche(code_poisson, code_zone_peche) VALUES(28, 'VII');
INSERT INTO poissons_zones_de_peche(code_poisson, code_zone_peche) VALUES(28, 'VIIIa');
INSERT INTO poissons_zones_de_peche(code_poisson, code_zone_peche) VALUES(28, 'VIIIb');
INSERT INTO poissons_zones_de_peche(code_poisson, code_zone_peche) VALUES(28, 'VIIId');
INSERT INTO poissons_zones_de_peche(code_poisson, code_zone_peche) VALUES(28, '34');

INSERT INTO poissons_zones_de_peche(code_poisson, code_zone_peche) VALUES(29, 'IV');
INSERT INTO poissons_zones_de_peche(code_poisson, code_zone_peche) VALUES(29, 'VIId');

INSERT INTO poissons_zones_de_peche(code_poisson, code_zone_peche) VALUES(30, 'VII');
INSERT INTO poissons_zones_de_peche(code_poisson, code_zone_peche) VALUES(30, 'VIII');

INSERT INTO poissons_zones_de_peche(code_poisson, code_zone_peche) VALUES(31, '34');
INSERT INTO poissons_zones_de_peche(code_poisson, code_zone_peche) VALUES(31, '71');

INSERT INTO poissons_zones_de_peche(code_poisson, code_zone_peche) VALUES(32, '77');
INSERT INTO poissons_zones_de_peche(code_poisson, code_zone_peche) VALUES(32, '21');
INSERT INTO poissons_zones_de_peche(code_poisson, code_zone_peche) VALUES(32, '27');
INSERT INTO poissons_zones_de_peche(code_poisson, code_zone_peche) VALUES(32, '34');

INSERT INTO poissons_zones_de_peche(code_poisson, code_zone_peche) VALUES(33, '27');
INSERT INTO poissons_zones_de_peche(code_poisson, code_zone_peche) VALUES(33, '34');

INSERT INTO poissons_zones_de_peche(code_poisson, code_zone_peche) VALUES(34, 'VII');
INSERT INTO poissons_zones_de_peche(code_poisson, code_zone_peche) VALUES(34, 'VIII');

INSERT INTO poissons_zones_de_peche(code_poisson, code_zone_peche) VALUES(35, 'VII');
INSERT INTO poissons_zones_de_peche(code_poisson, code_zone_peche) VALUES(35, 'VIII');

INSERT INTO poissons_zones_de_peche(code_poisson, code_zone_peche) VALUES(36, 'VII');

INSERT INTO poissons_zones_de_peche(code_poisson, code_zone_peche) VALUES(37, 'I');
INSERT INTO poissons_zones_de_peche(code_poisson, code_zone_peche) VALUES(37, '67');

INSERT INTO poissons_zones_de_peche(code_poisson, code_zone_peche) VALUES(38, 'IV');
INSERT INTO poissons_zones_de_peche(code_poisson, code_zone_peche) VALUES(38, 'V');

INSERT INTO poissons_zones_de_peche(code_poisson, code_zone_peche) VALUES(39, 'VII');
INSERT INTO poissons_zones_de_peche(code_poisson, code_zone_peche) VALUES(39, 'VIII');

INSERT INTO poissons_zones_de_peche(code_poisson, code_zone_peche) VALUES(40, 'Va');
INSERT INTO poissons_zones_de_peche(code_poisson, code_zone_peche) VALUES(40, 'VIII');
INSERT INTO poissons_zones_de_peche(code_poisson, code_zone_peche) VALUES(40, 'IXa');

INSERT INTO poissons_zones_de_peche(code_poisson, code_zone_peche) VALUES(41, 'VII');
INSERT INTO poissons_zones_de_peche(code_poisson, code_zone_peche) VALUES(41, 'VIII');

INSERT INTO poissons_zones_de_peche(code_poisson, code_zone_peche) VALUES(42, 'VII');
INSERT INTO poissons_zones_de_peche(code_poisson, code_zone_peche) VALUES(42, 'VIII');
INSERT INTO poissons_zones_de_peche(code_poisson, code_zone_peche) VALUES(42, '32');

INSERT INTO poissons_zones_de_peche(code_poisson, code_zone_peche) VALUES(43, 'VIIh');
INSERT INTO poissons_zones_de_peche(code_poisson, code_zone_peche) VALUES(43, 'VIIIa');

INSERT INTO poissons_zones_de_peche(code_poisson, code_zone_peche) VALUES(44, 'VII');
INSERT INTO poissons_zones_de_peche(code_poisson, code_zone_peche) VALUES(44, 'VIII');

INSERT INTO poissons_zones_de_peche(code_poisson, code_zone_peche) VALUES(45, 'VII');
INSERT INTO poissons_zones_de_peche(code_poisson, code_zone_peche) VALUES(45, 'VIII');

INSERT INTO poissons_zones_de_peche(code_poisson, code_zone_peche) VALUES(46, 'Va');

INSERT INTO poissons_zones_de_peche(code_poisson, code_zone_peche) VALUES(47, 'VII');

INSERT INTO poissons_zones_de_peche(code_poisson, code_zone_peche) VALUES(48, 'VII');
INSERT INTO poissons_zones_de_peche(code_poisson, code_zone_peche) VALUES(48, 'VIII');